[
  {
    "model": "simulador.UserType",
    "pk": 1,
    "fields": {
      "name": "Super Administrador",
      "short": "Super admin",
      "description": "Usuario administrador, administra contenidos y funcionalidades",
      "created_at": "1993-03-12",
      "updated_at": "1993-03-12"
    }
  },
  {
    "model": "simulador.UserType",
    "pk": 2,
    "fields": {
      "name": "Administrador",
      "short": "Admin",
      "description": "Usuario administrador, administra configuraciones del simulador y de aplicacion de consulta",
      "created_at": "1993-03-12",
      "updated_at": "1993-03-12"
    }
  },
  {
    "model": "simulador.UserType",
    "pk": 3,
    "fields": {
      "name": "Instructor",
      "short": "Instructor",
      "description": "Usuario instructor, Asigna fechas en las que se realizaran las practicas de tiro en el simulador",
      "created_at": "1993-03-12",
      "updated_at": "1993-03-12"
    }
  },
  {
    "model": "simulador.UserType",
    "pk": 4,
    "fields": {
      "name": "Practicante",
      "short": "Practicante",
      "description": "Usuario cadete o practicante, realiza consulta de su progreso en el simulador",
      "created_at": "1993-03-12",
      "updated_at": "1993-03-12"
    }
  },
  {
    "model": "simulador.City",
    "pk": 1,
    "fields": {
      "name": "La Paz",
      "short": "LP",
      "created_at": "1993-03-12",
      "updated_at": "1993-03-12"
    }
  },
  {
    "model": "simulador.City",
    "pk": 2,
    "fields": {
      "name": "Cochabamba",
      "short": "CB",
      "created_at": "1993-03-12",
      "updated_at": "1993-03-12"
    }
  },
  {
    "model": "simulador.City",
    "pk": 3,
    "fields": {
      "name": "Santa Cruz",
      "short": "SC",
      "created_at": "1993-03-12",
      "updated_at": "1993-03-12"
    }
  },
  {
    "model": "simulador.City",
    "pk": 4,
    "fields": {
      "name": "Beni",
      "short": "Bn",
      "created_at": "1993-03-12",
      "updated_at": "1993-03-12"
    }
  },
  {
    "model": "simulador.City",
    "pk": 5,
    "fields": {
      "name": "Pando",
      "short": "Pd",
      "created_at": "1993-03-12",
      "updated_at": "1993-03-12"
    }
  },
  {
    "model": "simulador.City",
    "pk": 6,
    "fields": {
      "name": "Oruro",
      "short": "Or",
      "created_at": "1993-03-12",
      "updated_at": "1993-03-12"
    }
  },
  {
    "model": "simulador.City",
    "pk": 7,
    "fields": {
      "name": "Potosi",
      "short": "Pt",
      "created_at": "1993-03-12",
      "updated_at": "1993-03-12"
    }
  },
  {
    "model": "simulador.City",
    "pk": 8,
    "fields": {
      "name": "Tarija",
      "short": "Tr",
      "created_at": "1993-03-12",
      "updated_at": "1993-03-12"
    }
  },
  {
    "model": "simulador.City",
    "pk": 9,
    "fields": {
      "name": "Sucre",
      "short": "Sc",
      "created_at": "1993-03-12",
      "updated_at": "1993-03-12"
    }
  },
  {
    "model": "simulador.MilitaryGrade",
    "pk": 1,
    "fields": {
      "name": "Coronel",
      "short": "Cnl",
      "created_at": "1993-03-12",
      "updated_at": "1993-03-12"
    }
  },
  {
    "model": "simulador.MilitaryGrade",
    "pk": 2,
    "fields": {
      "name": "Teniente Coronel",
      "short": "Tcnl",
      "created_at": "1993-03-12",
      "updated_at": "1993-03-12"
    }
  },
  {
    "model": "simulador.MilitaryGrade",
    "pk": 3,
    "fields": {
      "name": "Sargento Primero",
      "short": "Sgto I",
      "created_at": "1993-03-12",
      "updated_at": "1993-03-12"
    }
  },
  {
    "model": "simulador.MilitaryGrade",
    "pk": 4,
    "fields": {
      "name": "Sargento Segundo",
      "short": "Sgto II",
      "created_at": "1993-03-12",
      "updated_at": "1993-03-12"
    }
  },
  {
    "model": "simulador.MilitaryGrade",
    "pk": 5,
    "fields": {
      "name": "Sargento Tercero",
      "short": "Sgto III",
      "created_at": "1993-03-12",
      "updated_at": "1993-03-12"
    }
  },
  {
    "model": "simulador.MilitaryGrade",
    "pk": 6,
    "fields": {
      "name": "Capitan",
      "short": "Cap",
      "created_at": "1993-03-12",
      "updated_at": "1993-03-12"
    }
  },
  {
    "model": "simulador.MilitaryGrade",
    "pk": 7,
    "fields": {
      "name": "Subteniente",
      "short": "Subtte",
      "created_at": "1993-03-12",
      "updated_at": "1993-03-12"
    }
  },
  {
    "model": "simulador.MilitaryGrade",
    "pk": 8,
    "fields": {
      "name": "Mayor",
      "short": "My",
      "created_at": "1993-03-12",
      "updated_at": "1993-03-12"
    }
  },
  {
    "model": "simulador.MilitaryGrade",
    "pk": 9,
    "fields": {
      "name": "Cadete",
      "short": "Cdte",
      "created_at": "1993-03-12",
      "updated_at": "1993-03-12"
    }
  },
  {
    "model": "simulador.MilitaryGrade",
    "pk": 10,
    "fields": {
      "name": "Estudiante",
      "short": "Est",
      "created_at": "1993-03-12",
      "updated_at": "1993-03-12"
    }
  },
  {
    "model": "simulador.MilitaryGrade",
    "pk": 11,
    "fields": {
      "name": "General",
      "short": "Gral",
      "created_at": "1993-03-12",
      "updated_at": "1993-03-12"
    }
  },
  {
    "model": "simulador.MilitaryGrade",
    "pk": 12,
    "fields": {
      "name": "Teniente",
      "short": "Tte",
      "created_at": "1993-03-12",
      "updated_at": "1993-03-12"
    }
  },
  {
    "model": "simulador.Account",
    "pk": 1,
    "fields": {
      "is_admin": true,
      "is_staff": false,
      "is_superuser": false,
      "user_type": 1,
      "is_active": true,
      "username": "emilio.coaquira",
      "email": "eyvind.coaquira@gmail.com",
      "image": "./People/images/9981765.jpg",
      "phone_number": "75230567",
      "gender": "M",
      "ci": "9981765",
      "first_name": "Eyvind Emilio",
      "last_name": "Tinini Coaquira",
      "date_of_birth": "1993-03-12",
      "city": 1,
      "military_grade": 10,
      "password": "pbkdf2_sha256$20000$32W9ZkP6Hjig$BKPUNgW2rehws2hgf5mCcS+UYsK4eBEwsZzAYnROMFg=",
      "created_at": "1993-03-12",
      "updated_at": "1993-03-12"
    }
  },
  {
    "model": "simulador.Account",
    "pk": 2,
    "fields": {
      "is_admin": false,
      "is_staff": true,
      "is_superuser": false,
      "user_type": 1,
      "is_active": true,
      "username": "carlos.gutierrez",
      "email": "carlosg1711@gmail.com",
      "image": "./People/images/6850083.jpg",
      "phone_number": "6850083",
      "gender": "M",
      "ci": "6850083",
      "first_name": "Carlos Jesus",
      "last_name": "Gutierez Guarachi",
      "date_of_birth": "1993-03-12",
      "city": 1,
      "military_grade": 10,
      "password": "pbkdf2_sha256$20000$4RcTiM55FSza$aAgAX0egTOqTZlUrxhA65MTWObdn/VJxwDzFgU+XTyM=",
      "created_at": "1993-03-12",
      "updated_at": "1993-03-12"
    }
  },
  {
    "model": "simulador.Account",
    "pk": 3,
    "fields": {
      "is_admin": false,
      "is_staff": false,
      "is_superuser": true,
      "user_type": 2,
      "is_active": true,
      "username": "pedro.ticona",
      "email": "u3@q.com",
      "image": null,
      "phone_number": "75001012",
      "gender": "M",
      "ci": "1000002",
      "first_name": "Pedro",
      "last_name": "Ticona Robles",
      "date_of_birth": "1993-03-12",
      "city": 1,
      "military_grade": 7,
      "password": "pbkdf2_sha256$20000$axOBKBeYNBV6$JJXYsHYekJgJqL37O7nb05q4N43P0N7AWkWJ5ac0tD0=",
      "created_at": "1993-03-12",
      "updated_at": "1993-03-12"
    }
  },
  {
    "model": "simulador.Account",
    "pk": 5,
    "fields": {
      "is_admin": false,
      "is_staff": true,
      "is_superuser": false,
      "user_type": 3,
      "is_active": true,
      "username": "damian.gonzales",
      "email": "u5@q.com",
      "image": null,
      "phone_number": "75002010",
      "gender": "M",
      "ci": "1000004",
      "first_name": "Damian",
      "last_name": "Gonzales Rojas",
      "date_of_birth": "1993-03-12",
      "city": 1,
      "military_grade": 7,
      "password": "pbkdf2_sha256$20000$keciHnE6TrmT$ufgXi6SXRr1aTINiAH+8GVKh+4HXuiKiU61DohPPAsI=",
      "created_at": "1993-03-12",
      "updated_at": "1993-03-12"
    }
  },
  {"model": "simulador.Account","pk": 6,"fields": {"is_admin": false,"is_staff": true,"is_superuser": false,"user_type": 4,"is_active": true,"username": "vanesa.mamani","email": "vanesa.mamani@emi.edu.bo","image": "./People/images/9225152.jpg","phone_number": "9225152","gender": "F","ci": "9225152","first_name": "Vanesa","last_name": "Mamani","date_of_birth": "1993-03-12","city": 1,"military_grade": 9,"password": "pbkdf2_sha256$20000$4iEcFy2wR5Q3$wBFAN+0R5xTRPgYJSq2HGWpR6eAyBCtgKnW2BJbYY6c=","created_at": "1993-03-12","updated_at": "1993-03-12"}},
  {"model": "simulador.Account","pk": 7,"fields": {"is_admin": false,"is_staff": true,"is_superuser": false,"user_type": 4,"is_active": true,"username": "maya.sanchez","email": "maya.sanchez@emi.edu.bo","image": "./People/images/5991698.jpg","phone_number": "5991698","gender": "F","ci": "5991698","first_name": "Maya Isabel","last_name": "Sanchez Gamboa","date_of_birth": "1993-03-12","city": 1,"military_grade": 9,"password": "pbkdf2_sha256$20000$jXdIlKVSkdoj$hIe9Yooz2YADU9iV9SQ3khjhlCEGxffw68aTx+k9SR4=","created_at": "1993-03-12","updated_at": "1993-03-12"}},
  {"model": "simulador.Account","pk": 8,"fields": {"is_admin": false,"is_staff": true,"is_superuser": false,"user_type": 4,"is_active": true,"username": "william.mendoza","email": "william.mendoza@emi.edu.bo","image": "./People/images/4810353.jpg","phone_number": "4810353","gender": "M","ci": "4810353","first_name": "William Cesar","last_name": "Mendoza Alarcon","date_of_birth": "1993-03-12","city": 1,"military_grade": 9,"password": "pbkdf2_sha256$20000$S00sp67qY70X$V54xPUfmah2kcpWAGJ904zCffeZ/ThFwsPFUYURhK3I=","created_at": "1993-03-12","updated_at": "1993-03-12"}},
  {"model": "simulador.Account","pk": 9,"fields": {"is_admin": false,"is_staff": true,"is_superuser": false,"user_type": 4,"is_active": true,"username": "diego.marino","email": "diego.marino@emi.edu.bo","image": "./People/images/4858850.jpg","phone_number": "4858850","gender": "M","ci": "4858850","first_name": "Diego","last_name": "Marino Peralta","date_of_birth": "1993-03-12","city": 1,"military_grade": 9,"password": "pbkdf2_sha256$20000$TWRptAxTNEiW$O0y82X7dqgFBuLckRLvcZKNGYl/8zui+o/uxlwDZAw4=","created_at": "1993-03-12","updated_at": "1993-03-12"}},
  {"model": "simulador.Account","pk": 10,"fields": {"is_admin": false,"is_staff": true,"is_superuser": false,"user_type": 4,"is_active": true,"username": "erik.blanco","email": "erik.blanco@emi.edu.bo","image": "./People/images/6813932.jpg","phone_number": "6813932","gender": "M","ci": "6813932","first_name": "Erik Abraham","last_name": "Blanco Paucara","date_of_birth": "1993-03-12","city": 1,"military_grade": 9,"password": "pbkdf2_sha256$20000$IKqb0w1u3STp$xhCNTCDE27rG/lp8M5kFngf2BaDxm5s9I6W5N6BpH9Q=","created_at": "1993-03-12","updated_at": "1993-03-12"}},
  {"model": "simulador.Account","pk": 11,"fields": {"is_admin": false,"is_staff": true,"is_superuser": false,"user_type": 4,"is_active": true,"username": "roberto.silvestre","email": "roberto.silvestre@emi.edu.bo","image": "./People/images/6986306.jpg","phone_number": "6986306","gender": "M","ci": "6986306","first_name": "Roberto","last_name": "Silvestre Castillo","date_of_birth": "1993-03-12","city": 1,"military_grade": 9,"password": "pbkdf2_sha256$20000$B8EqZhDPYik9$CTbyBlSjRNHGYw7GjHV3WV/SVaru02H/HDLJovm/nLk=","created_at": "1993-03-12","updated_at": "1993-03-12"}},
  {"model": "simulador.Account","pk": 12,"fields": {"is_admin": false,"is_staff": true,"is_superuser": false,"user_type": 4,"is_active": true,"username": "grecia.machaca","email": "grecia.machaca@emi.edu.bo","image": "./People/images/8344615.jpg","phone_number": "8344615","gender": "F","ci": "8344615","first_name": "Grecia Gorgelinda","last_name": "Machaca Yapura","date_of_birth": "1993-03-12","city": 1,"military_grade": 9,"password": "pbkdf2_sha256$20000$dFvklFvrDPpY$Be3gZRMqpTZz9k94wl9iAeF+1jbEZwAo9d+eo6kbrXk=","created_at": "1993-03-12","updated_at": "1993-03-12"}},
  {"model": "simulador.Account","pk": 13,"fields": {"is_admin": false,"is_staff": true,"is_superuser": false,"user_type": 4,"is_active": true,"username": "alejandra.alvarez","email": "alejandra.alvarez@emi.edu.bo","image": "./People/images/8463804.jpg","phone_number": "8463804","gender": "F","ci": "8463804","first_name": "Alejandra","last_name": "Alvarez Chura","date_of_birth": "1993-03-12","city": 1,"military_grade": 9,"password": "pbkdf2_sha256$20000$VSR8ErYw1EnG$HX5q060NtNFDUcxLMLag9cL6NrsKS5ThEJhi0bGRVt0=","created_at": "1993-03-12","updated_at": "1993-03-12"}},
  {"model": "simulador.Account","pk": 14,"fields": {"is_admin": false,"is_staff": true,"is_superuser": false,"user_type": 4,"is_active": true,"username": "rita.canaviri","email": "rita.canaviri@emi.edu.bo","image": "./People/images/8426216.jpg","phone_number": "8426216","gender": "F","ci": "8426216","first_name": "Rita","last_name": "Canaviri Cama","date_of_birth": "1993-03-12","city": 1,"military_grade": 9,"password": "pbkdf2_sha256$20000$Nkk5Jao2asya$7zLeoAI2ml6cweaCxslg8BnxPtu9RU9ZIlgLvHKaZR4=","created_at": "1993-03-12","updated_at": "1993-03-12"}},
  {
    "model": "simulador.Target",
    "pk": 1,
    "fields": {
      "name": "Tipo E - 5 zonas",
      "description": "Blanco de tipi E de 5 zonas",
      "image": null,
      "zones": 5,
      "created_at": "1993-03-12",
      "updated_at": "1993-03-12"
    }
  },
  {
    "model": "simulador.Target",
    "pk": 2,
    "fields": {
      "name": "Tipo E - 10 zonas",
      "description": "Blanco de tipi E de 10 zonas",
      "image": null,
      "zones": 10,
      "created_at": "1993-03-12",
      "updated_at": "1993-03-12"
    }
  },
  {
    "model": "simulador.Target",
    "pk": 1,
    "fields": {
      "name": "Reducido 'a'",
      "description": "Blanco reducido de 10 zonas",
      "image": "./blanco_10_zonas.jpg",
      "zones": 10,
      "created_at": "1993-03-12",
      "updated_at": "1993-03-12"
    }
  },
  {
    "model": "simulador.Target",
    "pk": 2,
    "fields": {
      "name": "Reducido 'b'",
      "description": "Blanco reducido de 5 zonas",
      "image": "./blanco_5_zonas.jpg",
      "zones": 5,
      "created_at": "1993-03-12",
      "updated_at": "1993-03-12"
    }
  },
  {
    "model": "simulador.Target",
    "pk": 3,
    "fields": {
      "name": "Silueta Tipo E",
      "description": "Blanco tipo siluete de 5 zonas",
      "image": "./silueta_tipo_e.jpg",
      "zones": 5,
      "created_at": "1993-03-12",
      "updated_at": "1993-03-12"
    }
  },
  {
    "model": "simulador.Position",
    "pk": 1,
    "fields": {
      "name": "Pie",
      "description": "Posicion de pie o brazo libre",
      "image": "./posicion_pie.jpg",
      "created_at": "1993-03-12",
      "updated_at": "1993-03-12"
    }
  },
  {
    "model": "simulador.Position",
    "pk": 2,
    "fields": {
      "name": "Agazapado",
      "description": "Se adopta esta posicion para blancos que aparecen de sorpresa y a distancias cortas",
      "image": "./posicion_agazapado.jpg",
      "created_at": "1993-03-12",
      "updated_at": "1993-03-12"
    }
  },
  {
    "model": "simulador.Position",
    "pk": 3,
    "fields": {
      "name": "Arrodillado",
      "description": "Usada para aumentar la precision de fuego rapido a distancias mayores",
      "image": "./posicion_arrodillado.jpg",
      "created_at": "1993-03-12",
      "updated_at": "1993-03-12"
    }
  },
  {
    "model": "simulador.Position",
    "pk": 4,
    "fields": {
      "name": "Tendido",
      "description": "Usada para obtener mayor estabilidad",
      "image": "./posicion_tendido.jpg",
      "created_at": "1993-03-12",
      "updated_at": "1993-03-12"
    }
  },
  {
    "model": "simulador.TypeOfFire",
    "pk": 1,
    "fields": {
      "name": "Fuego Lento 'A'",
      "position": 1,
      "distance": 15,
      "selector": "",
      "target": 1,
      "chargers": 1,
      "cartridges": 5,
      "modality": "",
      "max_time": 300,
      "min_score": 30,
      "max_score": 50,
      "created_at": "1993-03-12",
      "updated_at": "1993-03-12"
    }
  },
  {
    "model": "simulador.TypeOfFire",
    "pk": 2,
    "fields": {
      "name": "Fuego Rapido 'A'",
      "position": 4,
      "distance": 25,
      "selector": "",
      "target": 3,
      "chargers": 1,
      "cartridges": 5,
      "modality": "",
      "max_time": 12,
      "min_score": 3,
      "max_score": 25,
      "created_at": "1993-03-12",
      "updated_at": "1993-03-12"
    }
  },
  {
    "model": "simulador.TypeOfFire",
    "pk": 3,
    "fields": {
      "name": "Fuego Lento 'B'",
      "position": 3,
      "distance": 15,
      "selector": "",
      "target": 1,
      "chargers": 1,
      "cartridges": 5,
      "modality": "",
      "max_time": 300,
      "min_score": 30,
      "max_score": 50,
      "created_at": "1993-03-12",
      "updated_at": "1993-03-12"
    }
  },
  {
    "model": "simulador.TypeOfFire",
    "pk": 4,
    "fields": {
      "name": "Fuego Rapido 'B'",
      "position": 3,
      "distance": 25,
      "selector": "",
      "target": 3,
      "chargers": 1,
      "cartridges": 5,
      "modality": "",
      "max_time": 12,
      "min_score": 3,
      "max_score": 25,
      "created_at": "1993-03-12",
      "updated_at": "1993-03-12"
    }
  },
  {
    "model": "simulador.TypeOfFire",
    "pk": 5,
    "fields": {
      "name": "Fuego rapido 'C'",
      "position": 1,
      "distance": 10,
      "selector": "",
      "target": 3,
      "chargers": 1,
      "cartridges": 2,
      "modality": "",
      "max_time": 5,
      "min_score": 1,
      "max_score": 2,
      "created_at": "1993-03-12",
      "updated_at": "1993-03-12"
    }
  },
  {
    "model": "simulador.TypeOfFire",
    "pk": 6,
    "fields": {
      "name": "Fuego rapido 'D'",
      "position": 1,
      "distance": 15,
      "selector": "",
      "target": 3,
      "chargers": 1,
      "cartridges": 2,
      "modality": "",
      "max_time": 5,
      "min_score": 1,
      "max_score": 2,
      "created_at": "1993-03-12",
      "updated_at": "1993-03-12"
    }
  },
  {
    "model": "simulador.TypeOfFire",
    "pk": 7,
    "fields": {
      "name": "Fuego rapido 'E'",
      "position": 1,
      "distance": 25,
      "selector": "",
      "target": 3,
      "chargers": 1,
      "cartridges": 2,
      "modality": "",
      "max_time": 5,
      "min_score": 1,
      "max_score": 2,
      "created_at": "1993-03-12",
      "updated_at": "1993-03-12"
    }
  },
  {
    "model": "simulador.Lesson",
    "pk": 1,
    "fields": {
      "name": "Primera leccion de tiro",
      "description": "",
      "image": "./primera_leccion_de_tiro.jpg",
      "type_of_fire": [
        1,
        2
      ],
      "created_at": "1993-03-12",
      "updated_at": "1993-03-12"
    }
  },
  {
    "model": "simulador.Lesson",
    "pk": 2,
    "fields": {
      "name": "Segunda leccion de tiro",
      "description": "",
      "image": "./primera_leccion_de_tiro.jpg",
      "type_of_fire": [
        3,
        4
      ],
      "created_at": "1993-03-12",
      "updated_at": "1993-03-12"
    }
  },
  {
    "model": "simulador.Lesson",
    "pk": 3,
    "fields": {
      "name": "Tercera leccion de tiro",
      "description": "",
      "image": "./primera_leccion_de_tiro.jpg",
      "type_of_fire": [
        5,
        6,
        7
      ],
      "created_at": "1993-03-12",
      "updated_at": "1993-03-12"
    }
  }
]